start,end,name
0.0,1343.901,PASSIVE_EXPERIMENT
0.0,5.501,TRIAL
0.0,5.5,STIM_ferretmixed41.wav
0.0,5.5,REFERENCE
0.0,2.0,PreStimSilence
5.0,5.5,PostStimSilence
5.6,11.100999999999999,TRIAL
5.6,11.1,STIM_ferretmixed42.wav
5.6,11.1,REFERENCE
5.6,7.6,PreStimSilence
10.6,11.1,PostStimSilence
11.2,16.701,TRIAL
11.2,16.7,STIM_ferretmixed41.wav
11.2,16.7,REFERENCE
11.2,13.2,PreStimSilence
16.2,16.7,PostStimSilence
16.8,22.301000000000002,TRIAL
16.8,22.3,STIM_ferretmixed42.wav
16.8,22.3,REFERENCE
16.8,18.8,PreStimSilence
21.8,22.3,PostStimSilence
22.4,27.901,TRIAL
22.4,27.9,STIM_ferretmixed42.wav
22.4,27.9,REFERENCE
22.4,24.4,PreStimSilence
27.4,27.9,PostStimSilence
28.0,33.501,TRIAL
28.0,33.5,STIM_ferretmixed41.wav
28.0,33.5,REFERENCE
28.0,30.0,PreStimSilence
33.0,33.5,PostStimSilence
33.6,39.101,TRIAL
33.6,39.1,STIM_ferretmixed42.wav
33.6,39.1,REFERENCE
33.6,35.6,PreStimSilence
38.6,39.1,PostStimSilence
39.2,44.701,TRIAL
39.2,44.7,STIM_ferretmixed41.wav
39.2,44.7,REFERENCE
39.2,41.2,PreStimSilence
44.2,44.7,PostStimSilence
44.8,50.300999999999995,TRIAL
44.8,50.3,STIM_ferretmixed42.wav
44.8,50.3,REFERENCE
44.8,46.8,PreStimSilence
49.8,50.3,PostStimSilence
50.4,55.900999999999996,TRIAL
50.4,55.9,STIM_ferretmixed41.wav
50.4,55.9,REFERENCE
50.4,52.4,PreStimSilence
55.4,55.9,PostStimSilence
56.0,61.501,TRIAL
56.0,61.5,STIM_ferretmixed42.wav
56.0,61.5,REFERENCE
56.0,58.0,PreStimSilence
61.0,61.5,PostStimSilence
61.6,67.101,TRIAL
61.6,67.1,STIM_ferretmixed41.wav
61.6,67.1,REFERENCE
61.6,63.6,PreStimSilence
66.6,67.1,PostStimSilence
67.2,72.70100000000001,TRIAL
67.2,72.7,STIM_ferretmixed42.wav
67.2,72.7,REFERENCE
67.2,69.2,PreStimSilence
72.2,72.7,PostStimSilence
72.8,78.301,TRIAL
72.8,78.3,STIM_ferretmixed41.wav
72.8,78.3,REFERENCE
72.8,74.8,PreStimSilence
77.8,78.3,PostStimSilence
78.4,83.90100000000001,TRIAL
78.4,83.9,STIM_ferretmixed41.wav
78.4,83.9,REFERENCE
78.4,80.4,PreStimSilence
83.4,83.9,PostStimSilence
84.0,89.501,TRIAL
84.0,89.5,STIM_ferretmixed42.wav
84.0,89.5,REFERENCE
84.0,86.0,PreStimSilence
89.0,89.5,PostStimSilence
89.6,95.101,TRIAL
89.6,95.1,STIM_ferretmixed42.wav
89.6,95.1,REFERENCE
89.6,91.6,PreStimSilence
94.6,95.1,PostStimSilence
95.2,100.70100000000001,TRIAL
95.2,100.7,STIM_ferretmixed41.wav
95.2,100.7,REFERENCE
95.2,97.2,PreStimSilence
100.2,100.7,PostStimSilence
100.8,106.301,TRIAL
100.8,106.3,STIM_ferretmixed42.wav
100.8,106.3,REFERENCE
100.8,102.8,PreStimSilence
105.8,106.3,PostStimSilence
106.4,111.90100000000001,TRIAL
106.4,111.9,STIM_ferretmixed41.wav
106.4,111.9,REFERENCE
106.4,108.4,PreStimSilence
111.4,111.9,PostStimSilence
112.0,117.501,TRIAL
112.0,117.5,STIM_ferretmixed41.wav
112.0,117.5,REFERENCE
112.0,114.0,PreStimSilence
117.0,117.5,PostStimSilence
117.6,123.101,TRIAL
117.6,123.1,STIM_ferretmixed42.wav
117.6,123.1,REFERENCE
117.6,119.6,PreStimSilence
122.6,123.1,PostStimSilence
123.2,128.701,TRIAL
123.2,128.7,STIM_ferretmixed41.wav
123.2,128.7,REFERENCE
123.2,125.2,PreStimSilence
128.2,128.7,PostStimSilence
128.8,134.30100000000002,TRIAL
128.8,134.3,STIM_ferretmixed42.wav
128.8,134.3,REFERENCE
128.8,130.8,PreStimSilence
133.8,134.3,PostStimSilence
134.4,139.901,TRIAL
134.4,139.9,STIM_ferretmixed41.wav
134.4,139.9,REFERENCE
134.4,136.4,PreStimSilence
139.4,139.9,PostStimSilence
140.0,145.501,TRIAL
140.0,145.5,STIM_ferretmixed42.wav
140.0,145.5,REFERENCE
140.0,142.0,PreStimSilence
145.0,145.5,PostStimSilence
145.6,151.101,TRIAL
145.6,151.1,STIM_ferretmixed41.wav
145.6,151.1,REFERENCE
145.6,147.6,PreStimSilence
150.6,151.1,PostStimSilence
151.2,156.701,TRIAL
151.2,156.7,STIM_ferretmixed42.wav
151.2,156.7,REFERENCE
151.2,153.2,PreStimSilence
156.2,156.7,PostStimSilence
156.8,162.30100000000002,TRIAL
156.8,162.3,STIM_ferretmixed41.wav
156.8,162.3,REFERENCE
156.8,158.8,PreStimSilence
161.8,162.3,PostStimSilence
162.4,167.901,TRIAL
162.4,167.9,STIM_ferretmixed42.wav
162.4,167.9,REFERENCE
162.4,164.4,PreStimSilence
167.4,167.9,PostStimSilence
168.0,173.501,TRIAL
168.0,173.5,STIM_ferretmixed41.wav
168.0,173.5,REFERENCE
168.0,170.0,PreStimSilence
173.0,173.5,PostStimSilence
173.6,179.101,TRIAL
173.6,179.1,STIM_ferretmixed42.wav
173.6,179.1,REFERENCE
173.6,175.6,PreStimSilence
178.6,179.1,PostStimSilence
179.2,184.701,TRIAL
179.2,184.7,STIM_ferretmixed42.wav
179.2,184.7,REFERENCE
179.2,181.2,PreStimSilence
184.2,184.7,PostStimSilence
184.8,190.30100000000002,TRIAL
184.8,190.3,STIM_ferretmixed41.wav
184.8,190.3,REFERENCE
184.8,186.8,PreStimSilence
189.8,190.3,PostStimSilence
190.4,195.901,TRIAL
190.4,195.9,STIM_ferretmixed41.wav
190.4,195.9,REFERENCE
190.4,192.4,PreStimSilence
195.4,195.9,PostStimSilence
196.0,201.501,TRIAL
196.0,201.5,STIM_ferretmixed42.wav
196.0,201.5,REFERENCE
196.0,198.0,PreStimSilence
201.0,201.5,PostStimSilence
201.6,207.101,TRIAL
201.6,207.1,STIM_ferretmixed42.wav
201.6,207.1,REFERENCE
201.6,203.6,PreStimSilence
206.6,207.1,PostStimSilence
207.2,212.701,TRIAL
207.2,212.7,STIM_ferretmixed41.wav
207.2,212.7,REFERENCE
207.2,209.2,PreStimSilence
212.2,212.7,PostStimSilence
212.8,218.30100000000002,TRIAL
212.8,218.3,STIM_ferretmixed42.wav
212.8,218.3,REFERENCE
212.8,214.8,PreStimSilence
217.8,218.3,PostStimSilence
218.4,223.901,TRIAL
218.4,223.9,STIM_ferretmixed41.wav
218.4,223.9,REFERENCE
218.4,220.4,PreStimSilence
223.4,223.9,PostStimSilence
224.0,229.501,TRIAL
224.0,229.5,STIM_ferretmixed42.wav
224.0,229.5,REFERENCE
224.0,226.0,PreStimSilence
229.0,229.5,PostStimSilence
229.6,235.101,TRIAL
229.6,235.1,STIM_ferretmixed41.wav
229.6,235.1,REFERENCE
229.6,231.6,PreStimSilence
234.6,235.1,PostStimSilence
235.2,240.701,TRIAL
235.2,240.7,STIM_ferretmixed42.wav
235.2,240.7,REFERENCE
235.2,237.2,PreStimSilence
240.2,240.7,PostStimSilence
240.8,246.30100000000002,TRIAL
240.8,246.3,STIM_ferretmixed41.wav
240.8,246.3,REFERENCE
240.8,242.8,PreStimSilence
245.8,246.3,PostStimSilence
246.4,251.901,TRIAL
246.4,251.9,STIM_ferretmixed41.wav
246.4,251.9,REFERENCE
246.4,248.4,PreStimSilence
251.4,251.9,PostStimSilence
252.0,257.501,TRIAL
252.0,257.5,STIM_ferretmixed42.wav
252.0,257.5,REFERENCE
252.0,254.0,PreStimSilence
257.0,257.5,PostStimSilence
257.6,263.101,TRIAL
257.6,263.1,STIM_ferretmixed42.wav
257.6,263.1,REFERENCE
257.6,259.6,PreStimSilence
262.6,263.1,PostStimSilence
263.2,268.70099999999996,TRIAL
263.2,268.7,STIM_ferretmixed41.wav
263.2,268.7,REFERENCE
263.2,265.2,PreStimSilence
268.2,268.7,PostStimSilence
268.8,274.301,TRIAL
268.8,274.3,STIM_ferretmixed42.wav
268.8,274.3,REFERENCE
268.8,270.8,PreStimSilence
273.8,274.3,PostStimSilence
274.4,279.90099999999995,TRIAL
274.4,279.9,STIM_ferretmixed41.wav
274.4,279.9,REFERENCE
274.4,276.4,PreStimSilence
279.4,279.9,PostStimSilence
280.0,285.501,TRIAL
280.0,285.5,STIM_ferretmixed41.wav
280.0,285.5,REFERENCE
280.0,282.0,PreStimSilence
285.0,285.5,PostStimSilence
285.6,291.101,TRIAL
285.6,291.1,STIM_ferretmixed42.wav
285.6,291.1,REFERENCE
285.6,287.6,PreStimSilence
290.6,291.1,PostStimSilence
291.2,296.70099999999996,TRIAL
291.2,296.7,STIM_ferretmixed41.wav
291.2,296.7,REFERENCE
291.2,293.2,PreStimSilence
296.2,296.7,PostStimSilence
296.8,302.301,TRIAL
296.8,302.3,STIM_ferretmixed42.wav
296.8,302.3,REFERENCE
296.8,298.8,PreStimSilence
301.8,302.3,PostStimSilence
302.4,307.90099999999995,TRIAL
302.4,307.9,STIM_ferretmixed42.wav
302.4,307.9,REFERENCE
302.4,304.4,PreStimSilence
307.4,307.9,PostStimSilence
308.0,313.501,TRIAL
308.0,313.5,STIM_ferretmixed41.wav
308.0,313.5,REFERENCE
308.0,310.0,PreStimSilence
313.0,313.5,PostStimSilence
313.6,319.101,TRIAL
313.6,319.1,STIM_ferretmixed41.wav
313.6,319.1,REFERENCE
313.6,315.6,PreStimSilence
318.6,319.1,PostStimSilence
319.2,324.70099999999996,TRIAL
319.2,324.7,STIM_ferretmixed42.wav
319.2,324.7,REFERENCE
319.2,321.2,PreStimSilence
324.2,324.7,PostStimSilence
324.8,330.301,TRIAL
324.8,330.3,STIM_ferretmixed42.wav
324.8,330.3,REFERENCE
324.8,326.8,PreStimSilence
329.8,330.3,PostStimSilence
330.4,335.90099999999995,TRIAL
330.4,335.9,STIM_ferretmixed41.wav
330.4,335.9,REFERENCE
330.4,332.4,PreStimSilence
335.4,335.9,PostStimSilence
336.0,341.501,TRIAL
336.0,341.5,STIM_ferretmixed42.wav
336.0,341.5,REFERENCE
336.0,338.0,PreStimSilence
341.0,341.5,PostStimSilence
341.6,347.101,TRIAL
341.6,347.1,STIM_ferretmixed41.wav
341.6,347.1,REFERENCE
341.6,343.6,PreStimSilence
346.6,347.1,PostStimSilence
347.2,352.70099999999996,TRIAL
347.2,352.7,STIM_ferretmixed41.wav
347.2,352.7,REFERENCE
347.2,349.2,PreStimSilence
352.2,352.7,PostStimSilence
352.8,358.301,TRIAL
352.8,358.3,STIM_ferretmixed42.wav
352.8,358.3,REFERENCE
352.8,354.8,PreStimSilence
357.8,358.3,PostStimSilence
358.4,363.90099999999995,TRIAL
358.4,363.9,STIM_ferretmixed41.wav
358.4,363.9,REFERENCE
358.4,360.4,PreStimSilence
363.4,363.9,PostStimSilence
364.0,369.501,TRIAL
364.0,369.5,STIM_ferretmixed42.wav
364.0,369.5,REFERENCE
364.0,366.0,PreStimSilence
369.0,369.5,PostStimSilence
369.6,375.101,TRIAL
369.6,375.1,STIM_ferretmixed41.wav
369.6,375.1,REFERENCE
369.6,371.6,PreStimSilence
374.6,375.1,PostStimSilence
375.2,380.70099999999996,TRIAL
375.2,380.7,STIM_ferretmixed42.wav
375.2,380.7,REFERENCE
375.2,377.2,PreStimSilence
380.2,380.7,PostStimSilence
380.8,386.301,TRIAL
380.8,386.3,STIM_ferretmixed42.wav
380.8,386.3,REFERENCE
380.8,382.8,PreStimSilence
385.8,386.3,PostStimSilence
386.4,391.90099999999995,TRIAL
386.4,391.9,STIM_ferretmixed41.wav
386.4,391.9,REFERENCE
386.4,388.4,PreStimSilence
391.4,391.9,PostStimSilence
392.0,397.501,TRIAL
392.0,397.5,STIM_ferretmixed41.wav
392.0,397.5,REFERENCE
392.0,394.0,PreStimSilence
397.0,397.5,PostStimSilence
397.6,403.101,TRIAL
397.6,403.1,STIM_ferretmixed42.wav
397.6,403.1,REFERENCE
397.6,399.6,PreStimSilence
402.6,403.1,PostStimSilence
403.2,408.70099999999996,TRIAL
403.2,408.7,STIM_ferretmixed42.wav
403.2,408.7,REFERENCE
403.2,405.2,PreStimSilence
408.2,408.7,PostStimSilence
408.8,414.301,TRIAL
408.8,414.3,STIM_ferretmixed41.wav
408.8,414.3,REFERENCE
408.8,410.8,PreStimSilence
413.8,414.3,PostStimSilence
414.4,419.90099999999995,TRIAL
414.4,419.9,STIM_ferretmixed41.wav
414.4,419.9,REFERENCE
414.4,416.4,PreStimSilence
419.4,419.9,PostStimSilence
420.0,425.501,TRIAL
420.0,425.5,STIM_ferretmixed42.wav
420.0,425.5,REFERENCE
420.0,422.0,PreStimSilence
425.0,425.5,PostStimSilence
425.6,431.101,TRIAL
425.6,431.1,STIM_ferretmixed41.wav
425.6,431.1,REFERENCE
425.6,427.6,PreStimSilence
430.6,431.1,PostStimSilence
431.2,436.70099999999996,TRIAL
431.2,436.7,STIM_ferretmixed42.wav
431.2,436.7,REFERENCE
431.2,433.2,PreStimSilence
436.2,436.7,PostStimSilence
436.8,442.301,TRIAL
436.8,442.3,STIM_ferretmixed41.wav
436.8,442.3,REFERENCE
436.8,438.8,PreStimSilence
441.8,442.3,PostStimSilence
442.4,447.90099999999995,TRIAL
442.4,447.9,STIM_ferretmixed42.wav
442.4,447.9,REFERENCE
442.4,444.4,PreStimSilence
447.4,447.9,PostStimSilence
448.0,453.501,TRIAL
448.0,453.5,STIM_ferretmixed41.wav
448.0,453.5,REFERENCE
448.0,450.0,PreStimSilence
453.0,453.5,PostStimSilence
453.6,459.101,TRIAL
453.6,459.1,STIM_ferretmixed42.wav
453.6,459.1,REFERENCE
453.6,455.6,PreStimSilence
458.6,459.1,PostStimSilence
459.2,464.70099999999996,TRIAL
459.2,464.7,STIM_ferretmixed41.wav
459.2,464.7,REFERENCE
459.2,461.2,PreStimSilence
464.2,464.7,PostStimSilence
464.8,470.301,TRIAL
464.8,470.3,STIM_ferretmixed42.wav
464.8,470.3,REFERENCE
464.8,466.8,PreStimSilence
469.8,470.3,PostStimSilence
470.4,475.90099999999995,TRIAL
470.4,475.9,STIM_ferretmixed42.wav
470.4,475.9,REFERENCE
470.4,472.4,PreStimSilence
475.4,475.9,PostStimSilence
476.0,481.501,TRIAL
476.0,481.5,STIM_ferretmixed41.wav
476.0,481.5,REFERENCE
476.0,478.0,PreStimSilence
481.0,481.5,PostStimSilence
481.6,487.101,TRIAL
481.6,487.1,STIM_ferretmixed41.wav
481.6,487.1,REFERENCE
481.6,483.6,PreStimSilence
486.6,487.1,PostStimSilence
487.2,492.70099999999996,TRIAL
487.2,492.7,STIM_ferretmixed42.wav
487.2,492.7,REFERENCE
487.2,489.2,PreStimSilence
492.2,492.7,PostStimSilence
492.8,498.301,TRIAL
492.8,498.3,STIM_ferretmixed42.wav
492.8,498.3,REFERENCE
492.8,494.8,PreStimSilence
497.8,498.3,PostStimSilence
498.4,503.90099999999995,TRIAL
498.4,503.9,STIM_ferretmixed41.wav
498.4,503.9,REFERENCE
498.4,500.4,PreStimSilence
503.4,503.9,PostStimSilence
504.0,509.501,TRIAL
504.0,509.5,STIM_ferretmixed41.wav
504.0,509.5,REFERENCE
504.0,506.0,PreStimSilence
509.0,509.5,PostStimSilence
509.6,515.101,TRIAL
509.6,515.1,STIM_ferretmixed42.wav
509.6,515.1,REFERENCE
509.6,511.6,PreStimSilence
514.6,515.1,PostStimSilence
515.2,520.701,TRIAL
515.2,520.7,STIM_ferretmixed41.wav
515.2,520.7,REFERENCE
515.2,517.2,PreStimSilence
520.2,520.7,PostStimSilence
520.8,526.3009999999999,TRIAL
520.8,526.3,STIM_ferretmixed42.wav
520.8,526.3,REFERENCE
520.8,522.8,PreStimSilence
525.8,526.3,PostStimSilence
526.4,531.901,TRIAL
526.4,531.9,STIM_ferretmixed42.wav
526.4,531.9,REFERENCE
526.4,528.4,PreStimSilence
531.4,531.9,PostStimSilence
532.0,537.501,TRIAL
532.0,537.5,STIM_ferretmixed41.wav
532.0,537.5,REFERENCE
532.0,534.0,PreStimSilence
537.0,537.5,PostStimSilence
537.6,543.101,TRIAL
537.6,543.1,STIM_ferretmixed42.wav
537.6,543.1,REFERENCE
537.6,539.6,PreStimSilence
542.6,543.1,PostStimSilence
543.2,548.701,TRIAL
543.2,548.7,STIM_ferretmixed41.wav
543.2,548.7,REFERENCE
543.2,545.2,PreStimSilence
548.2,548.7,PostStimSilence
548.8,554.3009999999999,TRIAL
548.8,554.3,STIM_ferretmixed42.wav
548.8,554.3,REFERENCE
548.8,550.8,PreStimSilence
553.8,554.3,PostStimSilence
554.4,559.901,TRIAL
554.4,559.9,STIM_ferretmixed41.wav
554.4,559.9,REFERENCE
554.4,556.4,PreStimSilence
559.4,559.9,PostStimSilence
560.0,565.501,TRIAL
560.0,565.5,STIM_ferretmixed41.wav
560.0,565.5,REFERENCE
560.0,562.0,PreStimSilence
565.0,565.5,PostStimSilence
565.6,571.101,TRIAL
565.6,571.1,STIM_ferretmixed42.wav
565.6,571.1,REFERENCE
565.6,567.6,PreStimSilence
570.6,571.1,PostStimSilence
571.2,576.701,TRIAL
571.2,576.7,STIM_ferretmixed41.wav
571.2,576.7,REFERENCE
571.2,573.2,PreStimSilence
576.2,576.7,PostStimSilence
576.8,582.3009999999999,TRIAL
576.8,582.3,STIM_ferretmixed42.wav
576.8,582.3,REFERENCE
576.8,578.8,PreStimSilence
581.8,582.3,PostStimSilence
582.4,587.901,TRIAL
582.4,587.9,STIM_ferretmixed42.wav
582.4,587.9,REFERENCE
582.4,584.4,PreStimSilence
587.4,587.9,PostStimSilence
588.0,593.501,TRIAL
588.0,593.5,STIM_ferretmixed41.wav
588.0,593.5,REFERENCE
588.0,590.0,PreStimSilence
593.0,593.5,PostStimSilence
593.6,599.101,TRIAL
593.6,599.1,STIM_ferretmixed42.wav
593.6,599.1,REFERENCE
593.6,595.6,PreStimSilence
598.6,599.1,PostStimSilence
599.2,604.701,TRIAL
599.2,604.7,STIM_ferretmixed41.wav
599.2,604.7,REFERENCE
599.2,601.2,PreStimSilence
604.2,604.7,PostStimSilence
604.8,610.3009999999999,TRIAL
604.8,610.3,STIM_ferretmixed42.wav
604.8,610.3,REFERENCE
604.8,606.8,PreStimSilence
609.8,610.3,PostStimSilence
610.4,615.901,TRIAL
610.4,615.9,STIM_ferretmixed41.wav
610.4,615.9,REFERENCE
610.4,612.4,PreStimSilence
615.4,615.9,PostStimSilence
616.0,621.501,TRIAL
616.0,621.5,STIM_ferretmixed42.wav
616.0,621.5,REFERENCE
616.0,618.0,PreStimSilence
621.0,621.5,PostStimSilence
621.6,627.101,TRIAL
621.6,627.1,STIM_ferretmixed41.wav
621.6,627.1,REFERENCE
621.6,623.6,PreStimSilence
626.6,627.1,PostStimSilence
627.2,632.701,TRIAL
627.2,632.7,STIM_ferretmixed42.wav
627.2,632.7,REFERENCE
627.2,629.2,PreStimSilence
632.2,632.7,PostStimSilence
632.8,638.3009999999999,TRIAL
632.8,638.3,STIM_ferretmixed41.wav
632.8,638.3,REFERENCE
632.8,634.8,PreStimSilence
637.8,638.3,PostStimSilence
638.4,643.901,TRIAL
638.4,643.9,STIM_ferretmixed41.wav
638.4,643.9,REFERENCE
638.4,640.4,PreStimSilence
643.4,643.9,PostStimSilence
644.0,649.501,TRIAL
644.0,649.5,STIM_ferretmixed42.wav
644.0,649.5,REFERENCE
644.0,646.0,PreStimSilence
649.0,649.5,PostStimSilence
649.6,655.101,TRIAL
649.6,655.1,STIM_ferretmixed41.wav
649.6,655.1,REFERENCE
649.6,651.6,PreStimSilence
654.6,655.1,PostStimSilence
655.2,660.701,TRIAL
655.2,660.7,STIM_ferretmixed42.wav
655.2,660.7,REFERENCE
655.2,657.2,PreStimSilence
660.2,660.7,PostStimSilence
660.8,666.3009999999999,TRIAL
660.8,666.3,STIM_ferretmixed41.wav
660.8,666.3,REFERENCE
660.8,662.8,PreStimSilence
665.8,666.3,PostStimSilence
666.4,671.901,TRIAL
666.4,671.9,STIM_ferretmixed42.wav
666.4,671.9,REFERENCE
666.4,668.4,PreStimSilence
671.4,671.9,PostStimSilence
672.0,677.501,TRIAL
672.0,677.5,STIM_ferretmixed41.wav
672.0,677.5,REFERENCE
672.0,674.0,PreStimSilence
677.0,677.5,PostStimSilence
677.6,683.101,TRIAL
677.6,683.1,STIM_ferretmixed42.wav
677.6,683.1,REFERENCE
677.6,679.6,PreStimSilence
682.6,683.1,PostStimSilence
683.2,688.701,TRIAL
683.2,688.7,STIM_ferretmixed41.wav
683.2,688.7,REFERENCE
683.2,685.2,PreStimSilence
688.2,688.7,PostStimSilence
688.8,694.3009999999999,TRIAL
688.8,694.3,STIM_ferretmixed42.wav
688.8,694.3,REFERENCE
688.8,690.8,PreStimSilence
693.8,694.3,PostStimSilence
694.4,699.901,TRIAL
694.4,699.9,STIM_ferretmixed41.wav
694.4,699.9,REFERENCE
694.4,696.4,PreStimSilence
699.4,699.9,PostStimSilence
700.0,705.501,TRIAL
700.0,705.5,STIM_ferretmixed42.wav
700.0,705.5,REFERENCE
700.0,702.0,PreStimSilence
705.0,705.5,PostStimSilence
705.6,711.101,TRIAL
705.6,711.1,STIM_ferretmixed42.wav
705.6,711.1,REFERENCE
705.6,707.6,PreStimSilence
710.6,711.1,PostStimSilence
711.2,716.701,TRIAL
711.2,716.7,STIM_ferretmixed41.wav
711.2,716.7,REFERENCE
711.2,713.2,PreStimSilence
716.2,716.7,PostStimSilence
716.8,722.3009999999999,TRIAL
716.8,722.3,STIM_ferretmixed42.wav
716.8,722.3,REFERENCE
716.8,718.8,PreStimSilence
721.8,722.3,PostStimSilence
722.4,727.901,TRIAL
722.4,727.9,STIM_ferretmixed41.wav
722.4,727.9,REFERENCE
722.4,724.4,PreStimSilence
727.4,727.9,PostStimSilence
728.0,733.501,TRIAL
728.0,733.5,STIM_ferretmixed42.wav
728.0,733.5,REFERENCE
728.0,730.0,PreStimSilence
733.0,733.5,PostStimSilence
733.6,739.101,TRIAL
733.6,739.1,STIM_ferretmixed41.wav
733.6,739.1,REFERENCE
733.6,735.6,PreStimSilence
738.6,739.1,PostStimSilence
739.2,744.701,TRIAL
739.2,744.7,STIM_ferretmixed41.wav
739.2,744.7,REFERENCE
739.2,741.2,PreStimSilence
744.2,744.7,PostStimSilence
744.8,750.3009999999999,TRIAL
744.8,750.3,STIM_ferretmixed42.wav
744.8,750.3,REFERENCE
744.8,746.8,PreStimSilence
749.8,750.3,PostStimSilence
750.4,755.901,TRIAL
750.4,755.9,STIM_ferretmixed41.wav
750.4,755.9,REFERENCE
750.4,752.4,PreStimSilence
755.4,755.9,PostStimSilence
756.0,761.501,TRIAL
756.0,761.5,STIM_ferretmixed42.wav
756.0,761.5,REFERENCE
756.0,758.0,PreStimSilence
761.0,761.5,PostStimSilence
761.6,767.101,TRIAL
761.6,767.1,STIM_ferretmixed42.wav
761.6,767.1,REFERENCE
761.6,763.6,PreStimSilence
766.6,767.1,PostStimSilence
767.2,772.701,TRIAL
767.2,772.7,STIM_ferretmixed41.wav
767.2,772.7,REFERENCE
767.2,769.2,PreStimSilence
772.2,772.7,PostStimSilence
772.8,778.3009999999999,TRIAL
772.8,778.3,STIM_ferretmixed42.wav
772.8,778.3,REFERENCE
772.8,774.8,PreStimSilence
777.8,778.3,PostStimSilence
778.4,783.901,TRIAL
778.4,783.9,STIM_ferretmixed41.wav
778.4,783.9,REFERENCE
778.4,780.4,PreStimSilence
783.4,783.9,PostStimSilence
784.0,789.501,TRIAL
784.0,789.5,STIM_ferretmixed42.wav
784.0,789.5,REFERENCE
784.0,786.0,PreStimSilence
789.0,789.5,PostStimSilence
789.6,795.101,TRIAL
789.6,795.1,STIM_ferretmixed41.wav
789.6,795.1,REFERENCE
789.6,791.6,PreStimSilence
794.6,795.1,PostStimSilence
795.2,800.701,TRIAL
795.2,800.7,STIM_ferretmixed42.wav
795.2,800.7,REFERENCE
795.2,797.2,PreStimSilence
800.2,800.7,PostStimSilence
800.8,806.3009999999999,TRIAL
800.8,806.3,STIM_ferretmixed41.wav
800.8,806.3,REFERENCE
800.8,802.8,PreStimSilence
805.8,806.3,PostStimSilence
806.4,811.901,TRIAL
806.4,811.9,STIM_ferretmixed41.wav
806.4,811.9,REFERENCE
806.4,808.4,PreStimSilence
811.4,811.9,PostStimSilence
812.0,817.501,TRIAL
812.0,817.5,STIM_ferretmixed42.wav
812.0,817.5,REFERENCE
812.0,814.0,PreStimSilence
817.0,817.5,PostStimSilence
817.6,823.101,TRIAL
817.6,823.1,STIM_ferretmixed41.wav
817.6,823.1,REFERENCE
817.6,819.6,PreStimSilence
822.6,823.1,PostStimSilence
823.2,828.701,TRIAL
823.2,828.7,STIM_ferretmixed42.wav
823.2,828.7,REFERENCE
823.2,825.2,PreStimSilence
828.2,828.7,PostStimSilence
828.8,834.3009999999999,TRIAL
828.8,834.3,STIM_ferretmixed42.wav
828.8,834.3,REFERENCE
828.8,830.8,PreStimSilence
833.8,834.3,PostStimSilence
834.4,839.901,TRIAL
834.4,839.9,STIM_ferretmixed41.wav
834.4,839.9,REFERENCE
834.4,836.4,PreStimSilence
839.4,839.9,PostStimSilence
840.0,845.501,TRIAL
840.0,845.5,STIM_ferretmixed41.wav
840.0,845.5,REFERENCE
840.0,842.0,PreStimSilence
845.0,845.5,PostStimSilence
845.6,851.101,TRIAL
845.6,851.1,STIM_ferretmixed42.wav
845.6,851.1,REFERENCE
845.6,847.6,PreStimSilence
850.6,851.1,PostStimSilence
851.2,856.701,TRIAL
851.2,856.7,STIM_ferretmixed41.wav
851.2,856.7,REFERENCE
851.2,853.2,PreStimSilence
856.2,856.7,PostStimSilence
856.8,862.3009999999999,TRIAL
856.8,862.3,STIM_ferretmixed42.wav
856.8,862.3,REFERENCE
856.8,858.8,PreStimSilence
861.8,862.3,PostStimSilence
862.4,867.901,TRIAL
862.4,867.9,STIM_ferretmixed42.wav
862.4,867.9,REFERENCE
862.4,864.4,PreStimSilence
867.4,867.9,PostStimSilence
868.0,873.501,TRIAL
868.0,873.5,STIM_ferretmixed41.wav
868.0,873.5,REFERENCE
868.0,870.0,PreStimSilence
873.0,873.5,PostStimSilence
873.6,879.101,TRIAL
873.6,879.1,STIM_ferretmixed42.wav
873.6,879.1,REFERENCE
873.6,875.6,PreStimSilence
878.6,879.1,PostStimSilence
879.2,884.701,TRIAL
879.2,884.7,STIM_ferretmixed41.wav
879.2,884.7,REFERENCE
879.2,881.2,PreStimSilence
884.2,884.7,PostStimSilence
884.8,890.3009999999999,TRIAL
884.8,890.3,STIM_ferretmixed42.wav
884.8,890.3,REFERENCE
884.8,886.8,PreStimSilence
889.8,890.3,PostStimSilence
890.4,895.901,TRIAL
890.4,895.9,STIM_ferretmixed41.wav
890.4,895.9,REFERENCE
890.4,892.4,PreStimSilence
895.4,895.9,PostStimSilence
896.0,901.501,TRIAL
896.0,901.5,STIM_ferretmixed42.wav
896.0,901.5,REFERENCE
896.0,898.0,PreStimSilence
901.0,901.5,PostStimSilence
901.6,907.101,TRIAL
901.6,907.1,STIM_ferretmixed41.wav
901.6,907.1,REFERENCE
901.6,903.6,PreStimSilence
906.6,907.1,PostStimSilence
907.2,912.701,TRIAL
907.2,912.7,STIM_ferretmixed41.wav
907.2,912.7,REFERENCE
907.2,909.2,PreStimSilence
912.2,912.7,PostStimSilence
912.8,918.3009999999999,TRIAL
912.8,918.3,STIM_ferretmixed42.wav
912.8,918.3,REFERENCE
912.8,914.8,PreStimSilence
917.8,918.3,PostStimSilence
918.4,923.901,TRIAL
918.4,923.9,STIM_ferretmixed41.wav
918.4,923.9,REFERENCE
918.4,920.4,PreStimSilence
923.4,923.9,PostStimSilence
924.0,929.501,TRIAL
924.0,929.5,STIM_ferretmixed42.wav
924.0,929.5,REFERENCE
924.0,926.0,PreStimSilence
929.0,929.5,PostStimSilence
929.6,935.101,TRIAL
929.6,935.1,STIM_ferretmixed42.wav
929.6,935.1,REFERENCE
929.6,931.6,PreStimSilence
934.6,935.1,PostStimSilence
935.2,940.701,TRIAL
935.2,940.7,STIM_ferretmixed41.wav
935.2,940.7,REFERENCE
935.2,937.2,PreStimSilence
940.2,940.7,PostStimSilence
940.8,946.3009999999999,TRIAL
940.8,946.3,STIM_ferretmixed42.wav
940.8,946.3,REFERENCE
940.8,942.8,PreStimSilence
945.8,946.3,PostStimSilence
946.4,951.901,TRIAL
946.4,951.9,STIM_ferretmixed41.wav
946.4,951.9,REFERENCE
946.4,948.4,PreStimSilence
951.4,951.9,PostStimSilence
952.0,957.501,TRIAL
952.0,957.5,STIM_ferretmixed41.wav
952.0,957.5,REFERENCE
952.0,954.0,PreStimSilence
957.0,957.5,PostStimSilence
957.6,963.101,TRIAL
957.6,963.1,STIM_ferretmixed42.wav
957.6,963.1,REFERENCE
957.6,959.6,PreStimSilence
962.6,963.1,PostStimSilence
963.2,968.701,TRIAL
963.2,968.7,STIM_ferretmixed41.wav
963.2,968.7,REFERENCE
963.2,965.2,PreStimSilence
968.2,968.7,PostStimSilence
968.8,974.3009999999999,TRIAL
968.8,974.3,STIM_ferretmixed42.wav
968.8,974.3,REFERENCE
968.8,970.8,PreStimSilence
973.8,974.3,PostStimSilence
974.4,979.901,TRIAL
974.4,979.9,STIM_ferretmixed42.wav
974.4,979.9,REFERENCE
974.4,976.4,PreStimSilence
979.4,979.9,PostStimSilence
980.0,985.501,TRIAL
980.0,985.5,STIM_ferretmixed41.wav
980.0,985.5,REFERENCE
980.0,982.0,PreStimSilence
985.0,985.5,PostStimSilence
985.6,991.101,TRIAL
985.6,991.1,STIM_ferretmixed41.wav
985.6,991.1,REFERENCE
985.6,987.6,PreStimSilence
990.6,991.1,PostStimSilence
991.2,996.701,TRIAL
991.2,996.7,STIM_ferretmixed42.wav
991.2,996.7,REFERENCE
991.2,993.2,PreStimSilence
996.2,996.7,PostStimSilence
996.8,1002.3009999999999,TRIAL
996.8,1002.3,STIM_ferretmixed41.wav
996.8,1002.3,REFERENCE
996.8,998.8,PreStimSilence
1001.8,1002.3,PostStimSilence
1002.4,1007.901,TRIAL
1002.4,1007.9,STIM_ferretmixed42.wav
1002.4,1007.9,REFERENCE
1002.4,1004.4,PreStimSilence
1007.4,1007.9,PostStimSilence
1008.0,1013.501,TRIAL
1008.0,1013.5,STIM_ferretmixed41.wav
1008.0,1013.5,REFERENCE
1008.0,1010.0,PreStimSilence
1013.0,1013.5,PostStimSilence
1013.6,1019.101,TRIAL
1013.6,1019.1,STIM_ferretmixed42.wav
1013.6,1019.1,REFERENCE
1013.6,1015.6,PreStimSilence
1018.6,1019.1,PostStimSilence
1019.2,1024.701,TRIAL
1019.2,1024.7,STIM_ferretmixed42.wav
1019.2,1024.7,REFERENCE
1019.2,1021.2,PreStimSilence
1024.2,1024.7,PostStimSilence
1024.8,1030.301,TRIAL
1024.8,1030.3,STIM_ferretmixed41.wav
1024.8,1030.3,REFERENCE
1024.8,1026.8,PreStimSilence
1029.8,1030.3,PostStimSilence
1030.4,1035.901,TRIAL
1030.4,1035.9,STIM_ferretmixed42.wav
1030.4,1035.9,REFERENCE
1030.4,1032.4,PreStimSilence
1035.4,1035.9,PostStimSilence
1036.0,1041.501,TRIAL
1036.0,1041.5,STIM_ferretmixed41.wav
1036.0,1041.5,REFERENCE
1036.0,1038.0,PreStimSilence
1041.0,1041.5,PostStimSilence
1041.6,1047.1009999999999,TRIAL
1041.6,1047.1,STIM_ferretmixed42.wav
1041.6,1047.1,REFERENCE
1041.6,1043.6,PreStimSilence
1046.6,1047.1,PostStimSilence
1047.2,1052.701,TRIAL
1047.2,1052.7,STIM_ferretmixed41.wav
1047.2,1052.7,REFERENCE
1047.2,1049.2,PreStimSilence
1052.2,1052.7,PostStimSilence
1052.8,1058.301,TRIAL
1052.8,1058.3,STIM_ferretmixed41.wav
1052.8,1058.3,REFERENCE
1052.8,1054.8,PreStimSilence
1057.8,1058.3,PostStimSilence
1058.4,1063.901,TRIAL
1058.4,1063.9,STIM_ferretmixed42.wav
1058.4,1063.9,REFERENCE
1058.4,1060.4,PreStimSilence
1063.4,1063.9,PostStimSilence
1064.0,1069.501,TRIAL
1064.0,1069.5,STIM_ferretmixed41.wav
1064.0,1069.5,REFERENCE
1064.0,1066.0,PreStimSilence
1069.0,1069.5,PostStimSilence
1069.6,1075.1009999999999,TRIAL
1069.6,1075.1,STIM_ferretmixed42.wav
1069.6,1075.1,REFERENCE
1069.6,1071.6,PreStimSilence
1074.6,1075.1,PostStimSilence
1075.2,1080.701,TRIAL
1075.2,1080.7,STIM_ferretmixed42.wav
1075.2,1080.7,REFERENCE
1075.2,1077.2,PreStimSilence
1080.2,1080.7,PostStimSilence
1080.8,1086.301,TRIAL
1080.8,1086.3,STIM_ferretmixed41.wav
1080.8,1086.3,REFERENCE
1080.8,1082.8,PreStimSilence
1085.8,1086.3,PostStimSilence
1086.4,1091.901,TRIAL
1086.4,1091.9,STIM_ferretmixed42.wav
1086.4,1091.9,REFERENCE
1086.4,1088.4,PreStimSilence
1091.4,1091.9,PostStimSilence
1092.0,1097.501,TRIAL
1092.0,1097.5,STIM_ferretmixed41.wav
1092.0,1097.5,REFERENCE
1092.0,1094.0,PreStimSilence
1097.0,1097.5,PostStimSilence
1097.6,1103.1009999999999,TRIAL
1097.6,1103.1,STIM_ferretmixed42.wav
1097.6,1103.1,REFERENCE
1097.6,1099.6,PreStimSilence
1102.6,1103.1,PostStimSilence
1103.2,1108.701,TRIAL
1103.2,1108.7,STIM_ferretmixed41.wav
1103.2,1108.7,REFERENCE
1103.2,1105.2,PreStimSilence
1108.2,1108.7,PostStimSilence
1108.8,1114.301,TRIAL
1108.8,1114.3,STIM_ferretmixed41.wav
1108.8,1114.3,REFERENCE
1108.8,1110.8,PreStimSilence
1113.8,1114.3,PostStimSilence
1114.4,1119.901,TRIAL
1114.4,1119.9,STIM_ferretmixed42.wav
1114.4,1119.9,REFERENCE
1114.4,1116.4,PreStimSilence
1119.4,1119.9,PostStimSilence
1120.0,1125.501,TRIAL
1120.0,1125.5,STIM_ferretmixed41.wav
1120.0,1125.5,REFERENCE
1120.0,1122.0,PreStimSilence
1125.0,1125.5,PostStimSilence
1125.6,1131.1009999999999,TRIAL
1125.6,1131.1,STIM_ferretmixed42.wav
1125.6,1131.1,REFERENCE
1125.6,1127.6,PreStimSilence
1130.6,1131.1,PostStimSilence
1131.2,1136.701,TRIAL
1131.2,1136.7,STIM_ferretmixed41.wav
1131.2,1136.7,REFERENCE
1131.2,1133.2,PreStimSilence
1136.2,1136.7,PostStimSilence
1136.8,1142.301,TRIAL
1136.8,1142.3,STIM_ferretmixed42.wav
1136.8,1142.3,REFERENCE
1136.8,1138.8,PreStimSilence
1141.8,1142.3,PostStimSilence
1142.4,1147.901,TRIAL
1142.4,1147.9,STIM_ferretmixed42.wav
1142.4,1147.9,REFERENCE
1142.4,1144.4,PreStimSilence
1147.4,1147.9,PostStimSilence
1148.0,1153.501,TRIAL
1148.0,1153.5,STIM_ferretmixed41.wav
1148.0,1153.5,REFERENCE
1148.0,1150.0,PreStimSilence
1153.0,1153.5,PostStimSilence
1153.6,1159.1009999999999,TRIAL
1153.6,1159.1,STIM_ferretmixed41.wav
1153.6,1159.1,REFERENCE
1153.6,1155.6,PreStimSilence
1158.6,1159.1,PostStimSilence
1159.2,1164.701,TRIAL
1159.2,1164.7,STIM_ferretmixed42.wav
1159.2,1164.7,REFERENCE
1159.2,1161.2,PreStimSilence
1164.2,1164.7,PostStimSilence
1164.8,1170.301,TRIAL
1164.8,1170.3,STIM_ferretmixed41.wav
1164.8,1170.3,REFERENCE
1164.8,1166.8,PreStimSilence
1169.8,1170.3,PostStimSilence
1170.4,1175.901,TRIAL
1170.4,1175.9,STIM_ferretmixed42.wav
1170.4,1175.9,REFERENCE
1170.4,1172.4,PreStimSilence
1175.4,1175.9,PostStimSilence
1176.0,1181.501,TRIAL
1176.0,1181.5,STIM_ferretmixed42.wav
1176.0,1181.5,REFERENCE
1176.0,1178.0,PreStimSilence
1181.0,1181.5,PostStimSilence
1181.6,1187.1009999999999,TRIAL
1181.6,1187.1,STIM_ferretmixed41.wav
1181.6,1187.1,REFERENCE
1181.6,1183.6,PreStimSilence
1186.6,1187.1,PostStimSilence
1187.2,1192.701,TRIAL
1187.2,1192.7,STIM_ferretmixed42.wav
1187.2,1192.7,REFERENCE
1187.2,1189.2,PreStimSilence
1192.2,1192.7,PostStimSilence
1192.8,1198.301,TRIAL
1192.8,1198.3,STIM_ferretmixed41.wav
1192.8,1198.3,REFERENCE
1192.8,1194.8,PreStimSilence
1197.8,1198.3,PostStimSilence
1198.4,1203.901,TRIAL
1198.4,1203.9,STIM_ferretmixed41.wav
1198.4,1203.9,REFERENCE
1198.4,1200.4,PreStimSilence
1203.4,1203.9,PostStimSilence
1204.0,1209.501,TRIAL
1204.0,1209.5,STIM_ferretmixed42.wav
1204.0,1209.5,REFERENCE
1204.0,1206.0,PreStimSilence
1209.0,1209.5,PostStimSilence
1209.6,1215.1009999999999,TRIAL
1209.6,1215.1,STIM_ferretmixed42.wav
1209.6,1215.1,REFERENCE
1209.6,1211.6,PreStimSilence
1214.6,1215.1,PostStimSilence
1215.2,1220.701,TRIAL
1215.2,1220.7,STIM_ferretmixed41.wav
1215.2,1220.7,REFERENCE
1215.2,1217.2,PreStimSilence
1220.2,1220.7,PostStimSilence
1220.8,1226.301,TRIAL
1220.8,1226.3,STIM_ferretmixed42.wav
1220.8,1226.3,REFERENCE
1220.8,1222.8,PreStimSilence
1225.8,1226.3,PostStimSilence
1226.4,1231.901,TRIAL
1226.4,1231.9,STIM_ferretmixed41.wav
1226.4,1231.9,REFERENCE
1226.4,1228.4,PreStimSilence
1231.4,1231.9,PostStimSilence
1232.0,1237.501,TRIAL
1232.0,1237.5,STIM_ferretmixed42.wav
1232.0,1237.5,REFERENCE
1232.0,1234.0,PreStimSilence
1237.0,1237.5,PostStimSilence
1237.6,1243.1009999999999,TRIAL
1237.6,1243.1,STIM_ferretmixed41.wav
1237.6,1243.1,REFERENCE
1237.6,1239.6,PreStimSilence
1242.6,1243.1,PostStimSilence
1243.2,1248.701,TRIAL
1243.2,1248.7,STIM_ferretmixed41.wav
1243.2,1248.7,REFERENCE
1243.2,1245.2,PreStimSilence
1248.2,1248.7,PostStimSilence
1248.8,1254.301,TRIAL
1248.8,1254.3,STIM_ferretmixed42.wav
1248.8,1254.3,REFERENCE
1248.8,1250.8,PreStimSilence
1253.8,1254.3,PostStimSilence
1254.4,1259.901,TRIAL
1254.4,1259.9,STIM_ferretmixed42.wav
1254.4,1259.9,REFERENCE
1254.4,1256.4,PreStimSilence
1259.4,1259.9,PostStimSilence
1260.0,1265.501,TRIAL
1260.0,1265.5,STIM_ferretmixed41.wav
1260.0,1265.5,REFERENCE
1260.0,1262.0,PreStimSilence
1265.0,1265.5,PostStimSilence
1265.6,1271.1009999999999,TRIAL
1265.6,1271.1,STIM_ferretmixed41.wav
1265.6,1271.1,REFERENCE
1265.6,1267.6,PreStimSilence
1270.6,1271.1,PostStimSilence
1271.2,1276.701,TRIAL
1271.2,1276.7,STIM_ferretmixed42.wav
1271.2,1276.7,REFERENCE
1271.2,1273.2,PreStimSilence
1276.2,1276.7,PostStimSilence
1276.8,1282.301,TRIAL
1276.8,1282.3,STIM_ferretmixed42.wav
1276.8,1282.3,REFERENCE
1276.8,1278.8,PreStimSilence
1281.8,1282.3,PostStimSilence
1282.4,1287.901,TRIAL
1282.4,1287.9,STIM_ferretmixed41.wav
1282.4,1287.9,REFERENCE
1282.4,1284.4,PreStimSilence
1287.4,1287.9,PostStimSilence
1288.0,1293.501,TRIAL
1288.0,1293.5,STIM_ferretmixed41.wav
1288.0,1293.5,REFERENCE
1288.0,1290.0,PreStimSilence
1293.0,1293.5,PostStimSilence
1293.6,1299.1009999999999,TRIAL
1293.6,1299.1,STIM_ferretmixed42.wav
1293.6,1299.1,REFERENCE
1293.6,1295.6,PreStimSilence
1298.6,1299.1,PostStimSilence
1299.2,1304.701,TRIAL
1299.2,1304.7,STIM_ferretmixed42.wav
1299.2,1304.7,REFERENCE
1299.2,1301.2,PreStimSilence
1304.2,1304.7,PostStimSilence
1304.8,1310.301,TRIAL
1304.8,1310.3,STIM_ferretmixed41.wav
1304.8,1310.3,REFERENCE
1304.8,1306.8,PreStimSilence
1309.8,1310.3,PostStimSilence
1310.4,1315.901,TRIAL
1310.4,1315.9,STIM_ferretmixed41.wav
1310.4,1315.9,REFERENCE
1310.4,1312.4,PreStimSilence
1315.4,1315.9,PostStimSilence
1316.0,1321.501,TRIAL
1316.0,1321.5,STIM_ferretmixed42.wav
1316.0,1321.5,REFERENCE
1316.0,1318.0,PreStimSilence
1321.0,1321.5,PostStimSilence
1321.6,1327.1009999999999,TRIAL
1321.6,1327.1,STIM_ferretmixed41.wav
1321.6,1327.1,REFERENCE
1321.6,1323.6,PreStimSilence
1326.6,1327.1,PostStimSilence
1327.2,1332.701,TRIAL
1327.2,1332.7,STIM_ferretmixed42.wav
1327.2,1332.7,REFERENCE
1327.2,1329.2,PreStimSilence
1332.2,1332.7,PostStimSilence
1332.8,1338.301,TRIAL
1332.8,1338.3,STIM_ferretmixed42.wav
1332.8,1338.3,REFERENCE
1332.8,1334.8,PreStimSilence
1337.8,1338.3,PostStimSilence
1338.4,1343.901,TRIAL
1338.4,1343.9,STIM_ferretmixed41.wav
1338.4,1343.9,REFERENCE
1338.4,1340.4,PreStimSilence
1343.4,1343.9,PostStimSilence
0.0,1343.901,PRE_PASSIVE
